NUMERO> ;NOME>                    
123456;Bruno Silva
654321;Dora Henriques
234598;Sara Martins
456992;catarina Correia
837464;Domingos Machado
429839;Teresa Nova
567393;Humberto Pires
256748;Daniel José
876573;Vânia Santos
298758;Alexandrina Lages
256744;Ângelo Martins
567923;John Doe
478458;Nuno Mendes
348593;Rui Ferraz
387948;Alice Ribeiro
234475;Bruno Silva
678348;Domingos Machado
234587;Dora Henriques
228495;Sara Martins
213450;Sara Vale
421361;Lucius Giles
845809;Ezra Barber
668324;Melinda Dunn
181429;Mariko Jacobson
265963;Ivory Robbins
251402;Igor Sargent
716120;Katelyn Reid
459981;Adrian Owen
308332;Vielka Hunt
754132;Maryam Lawson
647717;Ayanna Harper
338096;Anthony Lara
796929;Stacy Mercer
848433;Uta Singleton
540674;Keefe Roman
817972;Wang Shaffer
626738;Remedios Stephenson
755492;Jaquelyn Leach
333174;Delilah Hull
860152;Madonna Frazier
396540;Phillip Crane
838297;Zeph Hurst
660661;Barbara Chan
637451;Odessa Carpenter
979480;Mira Singleton
830157;Emmanuel Ballard
813774;Berk Guzman
108578;Len Greer
508430;Mallory Best
231804;Aiko Figueroa
244459;Kim Simon
158998;Lenore Tate
633935;Isabelle Mckee
811557;Beverly Willis
406852;Stewart Mercer
360632;Cathleen Hinton
633156;Ursa Stanton
611615;Nyssa Glass
170719;Brian Kennedy
993325;Athena Wallace
315147;Emma Petersen
446031;Elijah Mcgee
742732;Michael Stanton
755807;Yoko Singleton
724399;Perry Irwin
517000;Madeson Mckenzie
309143;Aimee Cross
447880;Piper Ayala
811239;Hanna Edwards
672750;Denton Jennings
694678;Raja Humphrey
626916;Hashim Oneill
616287;Lucian Mcgowan
468958;Madaline Richardson
109991;Carter Hampton
858461;Jameson Powell
652204;Orson Garrett
548627;Bryar Neal
246461;Paki Stewart
977222;Selma Guzman
497887;Lilah Brennan
692730;Jared Rush
883619;Shelby Gardner
131304;Tatum Rich
206370;Priscilla Jimenez
413020;Kylynn Barnes
969194;Axel Walter
788972;Hope Garcia
342803;Athena Walker
443206;Maggie Sanders
908969;Craig Harper
815526;Whilemina Valdez
572003;Sebastian Rasmussen
523509;Buckminster Fulton
634202;Dawn Farley
920888;Sade Calhoun
496405;Jana Pace
964282;Irma Dyer
482228;Darryl Bass
550097;Wynter Wilkinson
923858;Vanna Davidson
103039;Iola Valdez
106969;Abigail Chan
677854;Aubrey Keller
163507;Octavius Davenport
343340;Hiram Walls
272329;Harper Chavez
853206;Ray Perkins
666428;Rosalyn Barron
160931;Sacha Hudson
357382;Jarrod Bruce
248898;Kyla Rice
175748;Matthew Johns
292924;Stewart Witt
343495;Ifeoma Cleveland
345649;Ezekiel Johnson
479369;Jerome Baldwin
178274;Tatum Reid
537588;Phoebe Beasley
548711;Timothy Fernandez
419594;Hedwig Macdonald
795652;Harrison Rollins
196338;Hayfa Love
393972;Lana Walker
700791;Steel Oneill
415985;Alvin Miranda
636760;Deacon Banks
877773;Madeline Watson
475680;Marcia Hendricks
908869;Joan Wilcox
657579;Henry Cote
578254;Haley Durham
714866;Uta Osborne
626244;India Perry
548835;Jenna Mcbride
186182;Madison Carr
279384;Clio Klein
341747;Nola Spencer
122216;Dylan Tucker
154931;Kadeem Bass
855034;Erasmus Savage
541458;Anika Farmer
858735;Athena Reyes
656461;Ryan Waller
992497;Rebekah Madden
903457;Dolan Albert
436929;Quamar Larson
658669;Azalia Guy
957879;Paul Lara
198652;Emerson Maddox
841930;Ian Mendez
289320;Fiona Fisher
834560;Leigh Lucas
888515;Justina Frye
388882;Moana Park
444392;Nigel Copeland
267892;Victor Bright
821052;Branden Collier
218393;Garrett Peterson
540735;Roary Molina
993531;Amity Stanley
855509;Rebecca Kerr
937238;Tiger Berg
857041;Mannix Baird
397662;Mira Walker
863281;Connor Camacho
921381;Regan Dotson
507187;Sheila Andrews
733174;Jakeem Barnes
664750;Dane Branch
511965;Teagan Collins
849804;Jacqueline Sweet
221982;Bernard Trevino
462182;Adria Delgado
605868;Dawn Gross
134212;Candice Alvarez
847883;Kelsey Gray
124229;Deanna Dixon
547947;Cassidy Walters
290308;Lucas Hayes
204828;Justina Simpson
956907;Lawrence Small
423338;Chantale Vang
716640;Kristen Anderson
977699;Felix Combs
827127;Roanna Mercado
803443;Amena Duncan
130074;Ariel Barry
923482;Hollee Weiss
275279;Naomi Lawrence
903756;Carissa Cook
660441;Ira Sims
770906;Neville Powell
754882;Kellie Garcia
690515;Quincy Nolan
530542;Dale Berry
295046;Judith Collins
434228;Montana Strong
380727;Regina Buckner
203320;Dominique Walton
533322;Holmes Dawson
681567;Yeo Levine
936102;Delilah Evans
219574;Charlotte Bryant
111064;Kylie Camacho
937511;Lane Mendez
202829;Oscar Moreno
319519;Wynne Riddle
381112;Paul Gonzalez
422787;Courtney Cruz
446115;Dillon Everett
132206;Dylan Dorsey
752116;Hanae Mccullough
856543;Micah Graves
921035;Gay Bauer
210625;Kristen Anderson
708707;Sade David
897598;Rachel Phelps
718764;Donna Garcia
653709;Charde Logan
479629;Aurora Lynch
975136;McKenzie Mcdowell
574832;Jaime Hudson
800413;Branden Underwood
545785;Travis Greene
912037;Orli Chambers
325403;Xanthus Evans
527693;Zephr Mcintyre
306672;Blaze Decker
885226;Abraham Rice
173427;Roanna Mckinney
551645;Claudia Griffith
618777;Nissim Slater
258193;Alice Skinner
729187;Chanda Castaneda
799951;Jakeem Stephenson
641868;Omar Donovan
554925;Tanek Cross
896776;Quinlan Dickson
264862;Cheyenne Sharp
677146;Amal Marshall
491187;Xenos Wright
616922;Scarlett Olsen
687585;Leah Santiago
950414;Rajah Clark
536109;Beck Cannon
755974;Leo Acevedo
229012;Halla Whitfield
523889;Tamekah Bullock
249775;Driscoll Barton
847690;Yael Quinn
501597;Brynne Brennan
138383;Tarik Miles
189393;Aurelia May
818140;Colby Howard
629428;Connor Richardson
857406;Fulton Holloway
779008;Blair Patterson
496117;Ila Kane
799178;Malik Wong
337074;Elizabeth Delaney
588596;Angelica Brown
814106;Keane Burnett
360515;Sydney Keith
985492;Sebastian Castro
326965;Briar Bird
723047;Lewis Pena
413450;Leigh Lang
798397;Gareth Mcgowan
694955;Zeus Thompson
629206;Deirdre Britt
825258;Christen Graham
274640;Petra Day
616649;Irma Lamb
975443;Stewart Walls
809557;Gillian Mcdonald
705208;Bruno Alford
403122;Amber Jones
501136;Xena Dunlap
859144;Malachi Carlson
451412;Melissa Carroll
807111;Ivory Joyce
979343;Ray Dalton
860456;Grady Mathews
750661;Gareth Burt
869279;Quynn Terrell
162546;Bradley Boyd
404384;Basil Moon
634201;Cailin Hopper
572386;Camilla Simon
809958;Hayden Mueller
520909;Georgia Ball
475064;Kirk Albert
778591;Ezekiel Tran
166330;Christopher Welch
558346;Caleb Bernard
357131;Elton Ruiz
211709;Anika Spears
470443;Merritt Freeman
978868;Yasir Waller
170450;Rafael Foley
150701;Brianna Cardenas
686596;Drew Hays
850821;Ulric Fulton
602368;Grady Mclaughlin
226329;Ciaran Pickett
182903;Cedric Scott
593975;Carson Meyers
513130;Adrienne Morgan
606153;Lillith Houston
579821;Dominique Bonner
774908;Zane Meyer
151767;Shelley Ochoa
758331;Sage Douglas
858914;Henry Mcdaniel
399763;Matthew Guzman
497554;Amir Forbes
481350;Ferdinand Carr
369570;Madonna Petty
957221;Amber Graves
738815;Lacota Dotson
720985;Alika Ballard
179926;Quon Blankenship
210750;Sacha Woodward
149311;Tate Green
396993;Zeph Flynn
453469;Hadassah Erickson
299300;Naomi Leblanc
869056;Orli Simon
300535;Price David
220866;Zelda Parrish
623306;Andrew Booth
968668;Vera Sherman
549273;Evelyn Brady
535586;Zorita Barron
815091;Randall Wilkinson
194622;Barbara Bates
786961;Florence Benjamin
888985;Amery Cantu
346357;Christen Hogan
828657;Chaney Huff
456045;Desirae Maldonado
756971;Myles Mcmahon
866648;Charity Davis
777157;Hilda Stuart
852256;Suki Henry
632870;Henry Wooten
186934;Dieter Gibson
294817;Aladdin Berg
129176;Elvis Leonard
455903;Ciara Barrett
195807;Lenore York
696987;Fletcher Ramos
324878;Morgan Hayden
203807;Craig Parker
589361;Jolie Mcintyre
227350;Oleg Sawyer
768858;Tatyana Armstrong
805771;Angelica Lang
693491;Diana Cote
246345;Chastity Galloway
643098;Burton Briggs
917520;Xerxes Pennington
101780;Selma Mcleod
456838;Robert House
586462;Herman Barrera
254403;Derek Myers
782397;Ira Lara
635064;Latifah Mcmillan
209906;Keiko Compton
647692;Alec Ortega
263074;Hedy Abbott
652736;Sawyer Sheppard
826409;Reuben Haynes
225605;Keegan Arnold
886392;Grace Cotton
164810;Anne Hood
112415;Gisela Williams
195371;Dante Mccall
204359;Noah Buchanan
622759;Aiko Lyons
714746;Silas Patel
765780;Amity Davis
742538;Destiny Britt
599046;Dacey Mack
382348;May Britt
873827;Nora Fry
812357;Sade Nash
747828;Sasha Beck
924630;Dorian Tran
956294;Walker Lester
738189;Ariel Mcdonald
169071;Jaquelyn Everett
372348;Benedict Cook
114713;Jemima Huber
638249;Neville Dillard
582514;Gabriel Harvey
195505;Justine Goff
181869;Aline Warner
829510;Marah Murray
704076;Gillian Pierce
567193;Lana Hartman
985821;Autumn Payne
526904;Finn Solis
249720;Reece Baird
256910;Fay Allen
429449;Lenore Houston
310618;Tobias Nixon
675333;Colt Chambers
578454;Gail Blake
556900;Calista Ramsey
907029;Imani Bradley
177716;Orson Obrien
718877;Emily Dean
925748;Graham Santana
158286;Hanae Delaney
846229;Lisandra Knox
427805;Xavier Barrett
353073;Justina Tanner
988451;Colton Carpenter
531663;Zachery Cameron
777241;Pearl Elliott
986607;Gay Hudson
234558;Lev Mccray
170834;Hakeem Tanner
946299;Neville Bradford
472021;Myles Kelly
516518;Fritz Petersen
954882;Jesse Morse
144397;Florence Goodman
270421;Marsden Robertson
472414;Fallon Mooney
494768;Ray Albert
330783;Ginger Coffey
946750;Allegra Stafford
800198;Amaya Finch
726210;Iola Acosta
408563;Gabriel Manning
764720;Hasad Tyson
788370;Victoria Osborne
689559;Thaddeus Phillips
496639;Buckminster Willis
630810;Travis Hughes
237694;Delilah Harvey
920668;Arthur Yang
487475;Bertha Delaney
352625;Jin Kim
200716;Ivor Mccoy
991467;Oscar Macdonald
178453;Damon Gaines
949865;Randall Short
681479;Ryder Tucker
430838;Tyrone Roberson
284498;Rinah Huber
493399;Gillian Oneill
568434;Xavier Duran
354424;Ori Brewer
105963;Naomi Gibbs
802495;Gabriel Burns
311552;Craig Elliott
946775;Josephine Riddle
659972;Jerome Pacheco
137127;Neil Hester
616568;Quentin Dennis
207198;Maisie Joseph
973668;Abraham Winters
648622;Arthur Shepard
737557;Harlan Hunter
404843;Grady Gilbert
825525;Maryam Sanford
316794;Levi Smith
789735;Aretha Riddle
638722;Pearl Bender
651442;Kasimir Rodriguez
808636;Zoe Delacruz
970774;Lael Walters
585643;Zenia Mullen
270213;Kyla Phelps
205090;Burke Sosa
249373;Ferris Russo
430301;Quail Jenkins
864807;Jorden Mcclain
182137;Kitra Moss
738621;Chancellor Fox
404915;Ferdinand Moss
924008;Anthony Roach
977459;Lacey Patrick
258171;Christine Hebert
400985;Harrison Reilly
964087;Ferdinand Acevedo
949083;Isaac Dillon
501167;Claudia Delacruz
787056;Yasir Calhoun
789013;Germaine Valenzuela
727718;Burke Rasmussen
311675;Valentine Reid
247885;Cynthia Atkinson
488589;Isabelle Potts
390679;Omar Kaufman
197632;Hillary Aguilar
183703;Cody Rush
859660;Wendy Macdonald
518631;Micah Rogers
926194;Hope Bowen
138182;Wade Calhoun
864049;Lila Hancock
165278;Lacy Prince
199958;Nora Clements
173524;Samson Maynard
281528;Tana Sanchez
115536;Martin Klein
179174;Daryl Wong
819920;Mary Snider
286922;Nolan Dudley
913368;Cally Morris
456351;Blake Davidson
668678;Brianna Malone
757700;Rahim Suarez
689678;Nerea Cunningham
401700;Bianca Boyer
602729;Uma Cote
139680;Orla Whitehead
505227;Jordan Mcclain
793627;Bradley Hester
821645;Jarrod Mcdaniel
265789;Ava Bennett
221015;Marny Shaffer
399425;Tiger Coleman
188634;Zeph Duran
558418;Micah Melton
699117;Cora Ross
968309;Bethany Sampson
997222;Melyssa Clements
454243;Adrienne Hopkins
766971;Rogan Mcneil
941527;Margaret Clay
737407;Ishmael Knox
195042;Rinah Mckay
264323;Jocelyn Roberts
402392;Daryl Herrera
933405;Ulla Cline
331510;Idola Blankenship
431247;Christopher Vazquez
410408;Chandler Morgan
321402;Anne Marquez
624964;Keiko Rogers
241137;Amanda Deleon
305102;Garrison Gross
997157;Jael Beasley
148846;Christen Anthony
544596;Kameko Acevedo
914038;Gage Hensley
628332;Sage Burch
125212;Yasir Lynn
235786;Knox Espinoza
851133;Alfreda Acevedo
243648;Salvador Rodgers
214374;Aurora Murphy
814369;Mira Wilcox
695787;Octavia Owens
567137;Axel Frye
465716;Melissa Patel
823416;Keelie Lee
930144;Moses Bell
687121;Alexander Marsh
113565;Alfonso Peters
695717;Suki Scott
466718;Cameran Rojas
107225;Nigel Caldwell
819538;Hector Strickland
844966;Mufutau Rich
874381;Harper Horton
656279;Elizabeth Taylor
843433;Ruth Byers
467025;Vernon Hurley
805100;Rafael Cummings
756264;Kaitlin Terry
331911;Eleanor Saunders
776374;Georgia Hahn
277386;Harriet Bender
138936;Reese Sexton
405614;Charlotte Delgado
149511;Renee Rojas
457914;Mia Conway
441500;Lynn Park
473738;Hilary Orr
941901;Nehru Shannon
720749;Deirdre Zamora
560927;Keaton Hunt
373789;Allen Bush
555824;Anika Conner
812945;Armand Kinney
752553;Nehru Preston
762506;Cedric Gomez
101300;Hayden Owens
788376;Erich Barron
677963;Kathleen Bradley
271553;Gretchen Nelson
677716;Myra Ray
507847;Hedley Burch
110244;Dillon Knapp
989851;Aidan Clay
838467;Blythe Jackson
341742;Chase Macias
241766;Tanisha Dyer
966143;Palmer Nixon
818401;Jesse Hendrix
289795;Galvin Booker
116635;Colt Irwin
862310;Eden Atkinson
792539;Jada Christensen
858962;Mona Pennington
428737;Ima Rivers
851182;Carl Ross
840229;Zenia Miller
482712;Tobias Moody
317717;Melodie Salas
805694;Amber Merrill
149942;Joan Fulton
403742;Summer Huffman
391151;Isabella Klein
421663;Gwendolyn Stephens
533419;Xaviera Manning
118975;Nathaniel Hines
502092;Travis Young
861574;Austin Ruiz
551670;Edward Dunn
247436;Troy Burnett
658062;Drake Monroe
258628;Tashya Dudley
959546;Hannah Cooley
878813;Martin Glass
505898;Daria Justice
171336;Stacy Huber
650063;Emma Villarreal
678043;Mira Blake
651694;Colt Lucas
523749;Aretha Sears
543231;Jessamine Moss
917174;Zephr Richards
582173;Robin Heath
933323;Acton Ratliff
378198;Jasper Vinson
292879;Paul Ellison
793653;Willow Puckett
182218;Irene Pennington
421889;Lavinia Hawkins
454713;Shannon Fuller
635085;Quinlan Craig
793726;Ross Rosario
172801;Valentine Young
716796;Frances Francis
400231;Dacey Hayden
314839;Carlos Weiss
733524;Maris Baird
852657;Hedley Cole
197873;Darius Berry
861989;Lynn Frye
306611;Jonah Valencia
114521;Hakeem Gregory
323354;Derek Crosby
309725;Charity Baker
388567;Quinn Hansen
320947;Phyllis Atkins
248939;Yen Dickerson
615339;Ruth Sharp
129584;Benedict Sharpe
436953;Nathan Hardin
932807;Sebastian Velez
588948;Fleur Moore
238719;Angela Short
351469;Cole Taylor
551136;Asher Harrell
801717;Oren Terrell
579713;Raymond Byers
466336;Miranda Dodson
774468;Joshua Blanchard
727927;Adara Luna
160480;Wilma Abbott
997927;Sonya Sweeney
230942;Kessie Hurley
937990;Leslie Jennings
512152;Zane Serrano
847372;Joseph Carson
795911;Mona Bates
879790;Nicole Watkins
679924;Ariel Parrish
607423;David Gallegos
398624;Avram Norris
724710;Emmanuel Koch
403716;Ruth Tran
604142;Dominique Gonzales
604195;Nadine Carrillo
198625;Iola Clayton
671268;Dalton Guthrie
767133;Michael Larsen
706176;Seth Dawson
523081;Chloe Vance
872031;Blythe Woods
898629;Venus Rhodes
100488;Ezekiel Ryan
835112;Winifred Harris
313858;Abel Marshall
592661;Lenore Little
268767;May Cotton
810313;Buffy Reid
664827;Iliana Delacruz
508813;Clark Dunn
140919;Shana Strickland
835955;Ahmed Suarez
753509;Quinn Estrada
437727;Iris Carr
647533;Joan Richardson
604087;Orla Owen
472480;Wang West
376858;Baker Keller
788836;Griffith Macdonald
777218;Austin Savage
797108;Lee Shields
921290;Olivia Valentine
900573;Kenneth Arnold
101755;Beatrice Hickman
894654;Shay Velazquez
698603;Gemma Mcfadden
302958;Yetta Vaughan
928975;Aristotle Savage
716548;MacKenzie Mclaughlin
451270;Stella Miller
533640;Hamish Kent
642117;Dana Roth
271925;Echo Weiss
745348;Gareth Horton
401339;Nigel Rowland
630606;Tatiana Chen
548196;Sacha Sosa
893463;Fatima Garcia
466558;Margaret Carson
878294;Joseph Mayer
213799;Luke Compton
943608;Jael Nash
526803;Emi Pugh
299357;Herman Roberts
423104;Laura Harper
583102;Leila Burris
988964;Rafael Vinson
537459;Kim Newton
602333;Martina Olson
656701;Edan Bass
237632;Yuri Garcia
439075;Sonya Fowler
385107;Uma Kramer
352443;Yvette Patterson
428163;Hammett Justice
888817;Quentin Merritt
876785;Brendan Sellers
336249;Tatum Farmer
414394;Travis Wright
694767;Shelly Rose
149457;Stacy Cummings
370628;Athena Moran
724609;Karina Gay
570797;Amanda Daniels
392626;Amos Velasquez
627080;Sopoline Harris
754852;Ava Day
714791;Brock Lawrence
144653;Rebekah Harris
692185;Leonard Weber
200541;Dieter Black
347676;Lana Mullen
836190;Casey Contreras
118790;Courtney Warren
106777;Ronan Gray
689792;Nerea Mercado
272838;Giselle Doyle
794915;Portia Wall
403996;Carl Woods
978284;Cain Hardin
544130;Virginia Estrada
716452;Paula House
199421;Lacota Olsen
994318;Jennifer Hawkins
645206;Bradley Buckner
300304;Azalia Pierce
201990;Kermit Nguyen
499190;Dahlia Franco
352584;Vera Savage
491548;Oren Fuller
617185;Ivor Kaufman
857519;Leigh Berger
278284;Fiona Francis
735602;Clio Wade
473044;Griffith Atkins
438151;Trevor Graham
584673;Scott Mullen
434624;Karleigh Gibbs
365216;Xena Spears
226369;Harding Weber
916967;Hedda Barron
216527;Sierra Houston
990168;Brittany Donaldson
165694;Neve Todd
464269;Eugenia Dixon
735003;Samantha Greer
786395;Olivia Vaughan
623377;Raven Barnes
638450;Quon Leonard
842048;Kaseem Osborn
794756;Xena West
960992;John Ball
973358;Gay Pope
526585;Raymond Wells
769263;Tatyana Gilbert
479207;Aileen Perez
267374;Ursula Thompson
982745;Martina Dalton
431178;Ray Hebert
715273;Angela Preston
144897;Amity Fry
531599;Xavier Dunn
622839;Branden Gill
213184;Iona Eaton
868505;Jennifer Hale
331683;Lionel Santos
186558;Cailin Mathis
379503;Zephr Sutton
812660;Castor Mcclain
151967;Joseph Walls
358622;Serena Aguilar
555861;Willa Vasquez
356208;Fritz Lane
163877;Wendy Dominguez
985674;Ryan Castillo
742611;Lunea Snider
868827;Alisa Brown
531056;Alden Richmond
675241;Robin Montgomery
112329;Sonia Barnes
334496;Roanna Morton
247601;Eliana Dominguez
715719;Yetta Floyd
448574;Brandon Mullen
383333;Adrian Marshall
710103;Xyla Shaw
800566;Fitzgerald Sullivan
478035;Norman Diaz
720803;McKenzie Mckee
765022;Josephine Phelps
333312;Gisela Fernandez
120201;Kasper Rush
663996;Uriah Riggs
542525;Nathaniel Russell
603426;Madison Webster
124175;Jack Kidd
284599;Sigourney Velez
654004;Lana Olsen
850207;Malachi Meadows
118491;Jonah Cooley
425516;Teagan Bradshaw
709059;Aiko Burnett
908223;Yetta Clark
677947;Abigail Greer
412888;Hop Valdez
577475;Zelenia Bonner
104557;Diana Atkinson
276896;Juliet Macias
283061;Edan Estes
831319;Alika Wilkins
196505;Herrod Gonzalez
127506;Yuli Nichols
224205;September Estes
465922;Fleur Frank
413227;Leslie Garner
341376;Claudia Fletcher
218092;Carl Hardin
608679;Cassidy Brewer
603920;Xantha Arnold
766676;Hilda Gaines
134788;Barry Garrett
266059;Reese Rodgers
231222;Nolan Collins
325532;Wynter Larson
281830;Brenna Snyder
916853;Mufutau Bradford
956041;Ariana Barnett
465990;Jamalia Berger
602680;Adam Buckner
233236;Uma Roth
279588;Amena Boone
232743;Joy Lawrence
414515;Kasper Whitley
974012;Uma Patrick
280886;Harding Bush
244472;Len Dunlap
562710;Belle Mcleod
837457;Keefe Mcconnell
899220;Kibo Rojas
414407;Burton Rosario
889426;Zoe Mcbride
666466;Ralph Marshall
962236;Xantha Jennings
109957;Jackson Singleton
485596;Alexa Duran
654651;Melissa Haney
520863;Claire Ross
760861;Quinn Ratliff
136749;Xenos Merrill
209230;Tanya Hahn
270329;Imogene Cote
875850;Jessica Macdonald
309768;Helen Garrison
837937;Aiko Pace
746422;Quail Farley
746804;Tatum Bray
181876;Seth Randall
976545;Davis Nunez
826596;Tallulah Holder
742900;Kato Levine
972368;Macaulay England
241423;Ezekiel Key
232855;Mollie Mckay
998204;Hector Best
246912;Zephr Clements
911159;Kiara Johnston
112661;Emma Henderson
306231;Benjamin Nolan
893658;Daniel Lott
517539;Julie Barker
971672;Maris Sharp
125912;Keiko Burke
811732;Scarlett Garrison
185858;Wendy Lynn
832352;Kai Calhoun
256157;Rhona Delaney
276604;Vaughan Barry
289673;Lillith Cook
864707;Shaine Mccarty
953227;Jolie Fox
379653;Stella Terrell
476864;Carissa Hahn
412277;Pearl Hunt
285054;Xyla Bolton
782656;Calista Church
610820;Inez Robles
833831;Hayfa Duncan
954426;Avye Brewer
392258;Micah Wall
162023;Vincent Nichols
516948;Taylor Puckett
126511;Jade Tran
797088;Kennedy Horn
419870;Knox Calhoun
898933;Nigel Cash
442056;Mollie Snow
416024;Rinah Cardenas
270199;Kasper Ballard
179399;Vielka Petersen
166537;Lydia Frost
286907;Ivory Hahn
991119;Felix Bates
136550;Phelan Palmer
833205;Sarah Fields
315396;Megan Conner
871695;Serena Wood
835626;Jared Richard
882175;Yoshi Ramsey
180238;Xanthus Fitzpatrick
283387;Kieran Melton
773763;Tatiana Gordon
377582;Desirae Navarro
888925;Lisandra Farley
418233;Tyrone French
657648;Kiayada Stevenson
860248;Irene Cox
411508;Quamar Bryan
836121;Tobias Mccormick
888498;Keane Talley
342908;Quintessa Wagner
845478;Boris Pennington
156607;Calvin Horne
551172;Maryam Burton
946019;Lareina Potts
301647;Clare Campos
780351;Craig Bailey
931585;Chadwick Turner
543255;Rebekah Olsen
742241;Dolan Blankenship
436233;Dennis Moody
305904;Marah Lott
138650;Colleen Fowler
910507;Eden Trujillo
902736;Francis Morales
847272;Harlan Reese
233612;Ainsley Whitaker
588250;Yvette Christensen
393634;Scarlett Potts
282113;Giselle Gentry
473442;Haviva Flowers
601568;Harlan Conrad
572888;Quail William
879021;Olivia Barber
944652;Walker Brewer
379641;Keiko Wolf
311274;Brielle Morrow
665365;Maite Stephens
596224;Jacqueline Cannon
859494;Claire Mccarty
805306;Giacomo Underwood
680586;Amena Floyd
745459;Wynter Mayer
229402;MacKenzie Morrison
670886;Forrest Riley
558280;Daquan Everett
844075;Yoko Bender
834931;Shelley Norris
442374;Yael Blake
970543;Nyssa Sears
453030;Charles Cain
406765;Quincy Scott
706542;Fulton Cox
554988;BRUNO SILVA
112782;DSFGGG
